{
    "wave.footstep.aidan": {
      "sounds": [
        "suit/wave_footstep_aidan"
      ],
      "category": "player"
    },
    "wave.footstep.chase": {
      "sounds": [
        "suit/wave_footstep_chase"
      ],
      "category": "player"
    },
    "wave.footstep.dark": {
      "sounds": [
        "suit/wave_footstep_dark"
      ],
      "category": "player"
    },
    "wave.footstep.fire": {
      "sounds": [
        "suit/wave_footstep_fire"
      ],
      "category": "player"
    },
    "wave.footstep.geo": {
      "sounds": [
        "suit/wave_footstep_geo"
      ],
      "category": "player"
    },
    "wave.footstep.sym": {
      "sounds": [
        "suit/wave_footstep_sym"
      ],
      "category": "player"
    },
    "wave.footstep.tobi": {
      "sounds": [
        "suit/wave_footstep_tobi"
      ],
      "category": "player"
    },
    "wave.teleport": {
      "sounds": [
        "suit/wave_teleport"
      ],
      "category": "player"
    },
    "wave.shooting": {
      "sounds": [
        "suit/wave_shooting"
      ],
      "category": "player"
    },
    "wave.flying.start": {
      "sounds": [
        "suit/wave_flying_start"
      ],
      "category": "ambient"
    },
    "wave.flying.loop": {
      "sounds": [
        "suit/wave_flying_loop"
      ],
      "category": "ambient"
    },
    "wave.transform": {
      "sounds": [
        "suit/wave_transform"
      ],
      "category": "player"
    }
}