{
    "wave.footstep": {
      "sounds": [
        "suit/wave_footstep"
      ],
      "category": "player"
    },
    "wave.punch": {
      "sounds": [
        "suit/wave_punch"
      ],
      "category": "player"
    },
    "wave.teleport": {
      "sounds": [
        "suit/wave_teleport"
      ],
      "category": "player"
    },
    "wave.shooting": {
      "sounds": [
        "suit/wave_shooting"
      ],
      "category": "player"
    },
    "wave.equip": {
      "sounds": [
        "suit/wave_equip"
      ],
      "category": "player"
    },
    "wave.flying.start": {
      "sounds": [
        "suit/wave_flying_start"
      ],
      "category": "ambient"
    },
    "wave.flying.loop": {
      "sounds": [
        "suit/wave_flying_loop"
      ],
      "category": "ambient"
    },
    "wave.transform": {
      "sounds": [
        "suit/wave_transform"
      ],
      "category": "player"
    },
    "astro.minigun.shoot": {
      "sounds": [
        "suit/astro_minigun_shoot"
      ],
      "category": "player"
    }
}