{
    "mmsf.footstep.aidan": {
      "sounds": [
        "suit/mmsf_footstep_aidan"
      ],
      "category": "player"
    },
    "mmsf.footstep.chase": {
      "sounds": [
        "suit/mmsf_footstep_chase"
      ],
      "category": "player"
    },
    "mmsf.footstep.dark": {
      "sounds": [
        "suit/mmsf_footstep_dark"
      ],
      "category": "player"
    },
    "mmsf.footstep.fire": {
      "sounds": [
        "suit/mmsf_footstep_fire"
      ],
      "category": "player"
    },
    "mmsf.footstep.geo": {
      "sounds": [
        "suit/mmsf_footstep_geo"
      ],
      "category": "player"
    },
    "mmsf.footstep.sym": {
      "sounds": [
        "suit/mmsf_footstep_sym"
      ],
      "category": "player"
    },
    "mmsf.footstep.tobi": {
      "sounds": [
        "suit/mmsf_footstep_tobi"
      ],
      "category": "player"
    },
    "mmsf.teleport": {
      "sounds": [
        "suit/mmsf_teleport"
      ],
      "category": "player"
    },
    "mmsf.shooting": {
      "sounds": [
        "suit/mmsf_shooting"
      ],
      "category": "player"
    },
    "mmsf.flying.start": {
      "sounds": [
        "suit/mmsf_flying_start"
      ],
      "category": "ambient"
    },
    "mmsf.flying.loop": {
      "sounds": [
        "suit/mmsf_flying_loop"
      ],
      "category": "ambient"
    },
    "mmsf.transform": {
      "sounds": [
        "suit/mmsf_transform"
      ],
      "category": "player"
    }
}