{
    "mmsf.footstep": {
      "sounds": [
        "suit/mmsf_footstep"
      ],
      "category": "player"
    },
    "mmsf.teleport": {
      "sounds": [
        "suit/mmsf_teleport"
      ],
      "category": "player"
    },
    "mmsf.shoot": {
      "sounds": [
        "suit/mmsf_shoot"
      ],
      "category": "player"
    },
    "mmsf.flying.start": {
      "sounds": [
        "suit/mmsf_flying_start"
      ],
      "category": "ambient"
    },
    "mmsf.flying.loop": {
      "sounds": [
        "suit/mmsf_flying_loop"
      ],
      "category": "ambient"
    },
    "mmsf.transform": {
      "sounds": [
        "suit/mmsf_transform"
      ],
      "category": "player"
    }
}